{
  "total_trades": 36,
  "long_trades": 36,
  "short_trades": 0,
  "win_rate": 0.08333333333333333,
  "avg_win": 0.11707003155833329,
  "avg_loss": -0.33747713027809717,
  "profit_factor": 0.031536152191695324,
  "total_pnl": -10.785535204502207,
  "total_roi": -9.378726264784527,
  "max_drawdown_pct": 9.378726264784506,
  "sharpe_ratio": -17.261024914019554,
  "initial_balance": 115.0,
  "final_balance": 104.21446479549782,
  "regime_metrics": {
    "range": {
      "trades": 36,
      "win_rate": 0.08333333333333333,
      "profit_factor": 0.031536152191695324,
      "total_pnl": -10.785535204502207,
      "avg_hold_bars": 4.027777777777778
    }
  },
  "baseline_config": {
    "min_confidence": 0.45,
    "min_votes": 2,
    "initial_balance": 115.0,
    "risk_per_trade_pct": 5.0,
    "slippage_pct": 0.05
  },
  "rejection_stats": {
    "chop_regime": 18754,
    "range_no_edge": 6819,
    "trade_spacing": 1
  },
  "near_miss_stats": {
    "bull_near_miss": 2731,
    "bear_near_miss": 2966
  },
  "data_file": "regime_diagnostics.csv",
  "data_rows": 25919,
  "timestamp": "2026-04-05T00:48:57.393056"
}