{
  "forward_returns_by_regime": {
    "chop": {
      "count": 11925,
      "fwd_6": {
        "mean": -0.0022632912407050064,
        "median": 0.0037666365818515755,
        "std": 0.43175107288368475,
        "pct_positive": 50.58290698649669,
        "pct_negative": 49.38354440996394,
        "sharpe": -0.0052421207099460874,
        "n": 11923
      },
      "fwd_12": {
        "mean": -0.007448176975232475,
        "median": -0.0009322203313050767,
        "std": 0.5937137680094349,
        "pct_positive": 49.85322485951522,
        "pct_negative": 50.09645223517572,
        "sharpe": -0.012545063592182208,
        "n": 11923
      },
      "fwd_24": {
        "mean": -0.007756284300918311,
        "median": -0.0015173079315754815,
        "std": 0.7888575183202121,
        "pct_positive": 49.8867734630546,
        "pct_negative": 50.104839386060554,
        "sharpe": -0.00983230066366673,
        "n": 11923
      }
    },
    "range": {
      "count": 6856,
      "fwd_6": {
        "mean": -0.01026749031925693,
        "median": -0.005148698563383677,
        "std": 0.29098223177601634,
        "pct_positive": 48.61354349095155,
        "pct_negative": 51.298890834792765,
        "sharpe": -0.03528562639921029,
        "n": 6852
      },
      "fwd_12": {
        "mean": -0.024716994899784406,
        "median": -0.016412207482960198,
        "std": 0.42601760211264394,
        "pct_positive": 47.06397896581946,
        "pct_negative": 52.90680689453695,
        "sharpe": -0.05801871748306059,
        "n": 6846
      },
      "fwd_24": {
        "mean": -0.05207445772189101,
        "median": -0.02991927020122695,
        "std": 0.6566551528801988,
        "pct_positive": 46.07843137254902,
        "pct_negative": 53.89230318993269,
        "sharpe": -0.07930259511934654,
        "n": 6834
      }
    },
    "unclear": {
      "count": 6829,
      "fwd_6": {
        "mean": -0.01110302953575691,
        "median": 0.0010167118377380799,
        "std": 0.4853192770814689,
        "pct_positive": 50.168399472836434,
        "pct_negative": 49.80231366232245,
        "sharpe": -0.022877783883892753,
        "n": 6829
      },
      "fwd_12": {
        "mean": -0.01298366105715283,
        "median": -0.005368434187345425,
        "std": 0.672280471800806,
        "pct_positive": 49.50944501391126,
        "pct_negative": 50.47591155366818,
        "sharpe": -0.019312863606426214,
        "n": 6829
      },
      "fwd_24": {
        "mean": -0.03633792164468953,
        "median": -0.01413629366171001,
        "std": 0.9361367096231089,
        "pct_positive": 49.114072338556156,
        "pct_negative": 50.885927661443844,
        "sharpe": -0.038816896369034896,
        "n": 6829
      }
    }
  },
  "percentiles": {
    "overall": {
      "efficiency_ratio": {
        "p5": 0.012681476284395851,
        "p10": 0.02545523400049266,
        "p25": 0.06496046356047247,
        "p50": 0.1375187646583017,
        "p75": 0.23313712432532877,
        "p90": 0.3297459551989849,
        "p95": 0.3873273029373992
      },
      "trend_bias": {
        "p5": 0.00011011660919979501,
        "p10": 0.00021798398727549,
        "p25": 0.000565272368477,
        "p50": 0.0013600355318685998,
        "p75": 0.002809992756328775,
        "p90": 0.004854938883500949,
        "p95": 0.00672034489010474
      },
      "anchor_slope": {
        "p5": 6.531661580064627e-05,
        "p10": 0.00013040764853404,
        "p25": 0.0003570538660958,
        "p50": 0.0008607589077267,
        "p75": 0.0017337750426545,
        "p90": 0.003008597601614451,
        "p95": 0.004173915763222329
      },
      "atr_pct": {
        "p5": 0.08198412385725352,
        "p10": 0.1021709126016178,
        "p25": 0.1390414464476511,
        "p50": 0.1942542830498199,
        "p75": 0.27179256096673304,
        "p90": 0.37707558126704266,
        "p95": 0.4723162709371204
      },
      "regime_confidence": {
        "p5": 0.35,
        "p10": 0.35,
        "p25": 0.38919468985101435,
        "p50": 0.724073829116255,
        "p75": 0.8750980661463498,
        "p90": 1.0,
        "p95": 1.0
      }
    },
    "by_regime": {
      "chop": {
        "efficiency_ratio": {
          "p5": 0.011594652600181,
          "p10": 0.022980105907311723,
          "p25": 0.0591468269255489,
          "p50": 0.118910487161023,
          "p75": 0.1766033477524905,
          "p90": 0.24888663197995736,
          "p95": 0.29497560099225273
        },
        "trend_bias": {
          "p5": 0.00018687913312026002,
          "p10": 0.0003391366730692601,
          "p25": 0.0007305839821283,
          "p50": 0.0013939731298777,
          "p75": 0.0023850208420683,
          "p90": 0.0037954488617660807,
          "p95": 0.005011800562873276
        },
        "anchor_slope": {
          "p5": 0.00010899168062106,
          "p10": 0.0002082630602546,
          "p25": 0.0004540997459835,
          "p50": 0.0008597096001746,
          "p75": 0.0015189538599431,
          "p90": 0.002477836570674341,
          "p95": 0.0032972130704405794
        },
        "atr_pct": {
          "p5": 0.10307703835803944,
          "p10": 0.11924085812923256,
          "p25": 0.1507372783100034,
          "p50": 0.2010929717470751,
          "p75": 0.2751088719772793,
          "p90": 0.3676034573942519,
          "p95": 0.451258433201476
        },
        "regime_confidence": {
          "p5": 0.35,
          "p10": 0.35,
          "p25": 0.35,
          "p50": 0.4800890350552793,
          "p75": 0.72009044429811,
          "p90": 0.8333080354362735,
          "p95": 0.8753994885099927
        }
      },
      "range": {
        "efficiency_ratio": {
          "p5": 0.0070071222672739,
          "p10": 0.01393896658250715,
          "p25": 0.0350017841683195,
          "p50": 0.0713574651550681,
          "p75": 0.11545578740827223,
          "p90": 0.1497367549164933,
          "p95": 0.16371328942857438
        },
        "trend_bias": {
          "p5": 3.8689816706080967e-05,
          "p10": 7.920431706368253e-05,
          "p25": 0.00020390828229095,
          "p50": 0.00043581965578339996,
          "p75": 0.0007494483974854,
          "p90": 0.0010828903578743,
          "p95": 0.001254110771600725
        },
        "anchor_slope": {
          "p5": 2.3754086314296337e-05,
          "p10": 4.709687180569298e-05,
          "p25": 0.000121673167034325,
          "p50": 0.00027166899370525,
          "p75": 0.0004904285704526501,
          "p90": 0.00071623862033255,
          "p95": 0.000843291898189575
        },
        "atr_pct": {
          "p5": 0.06171815704697772,
          "p10": 0.0718390328217881,
          "p25": 0.0974235102301248,
          "p50": 0.13151393688954338,
          "p75": 0.17881889489854513,
          "p90": 0.2392765602607574,
          "p95": 0.2812476097636039
        },
        "regime_confidence": {
          "p5": 0.546532241289415,
          "p10": 0.6417841034477665,
          "p25": 0.7613294699076144,
          "p50": 0.8288611819451932,
          "p75": 0.8889275114721035,
          "p90": 0.9403386025011498,
          "p95": 0.9662932937144606
        }
      },
      "unclear": {
        "efficiency_ratio": {
          "p5": 0.18868362824577742,
          "p10": 0.19783936342251648,
          "p25": 0.2269709793225151,
          "p50": 0.2801119536563961,
          "p75": 0.3529704538256255,
          "p90": 0.4334800598909799,
          "p95": 0.49427232337806726
        },
        "trend_bias": {
          "p5": 0.00142006845563386,
          "p10": 0.0016542961976309801,
          "p25": 0.0022251391088343,
          "p50": 0.0033653587152057,
          "p75": 0.00515936457341,
          "p90": 0.0080882134911751,
          "p95": 0.010236647152147319
        },
        "anchor_slope": {
          "p5": 0.00087756991479752,
          "p10": 0.0009943251148039,
          "p25": 0.001312824248466,
          "p50": 0.0019948795275643,
          "p75": 0.0031312856760372,